{
    "averages": {
        "allAp": 0.3468983115785463,
        "allAp50%": 0.5868637243951496,
        "classes": {
            "bicycle": {
                "ap": 0.1803120620530056,
                "ap50%": 0.48388873573526675
            },
            "bus": {
                "ap": 0.5175895857085413,
                "ap50%": 0.6349200889477138
            },
            "car": {
                "ap": 0.5598261406196775,
                "ap50%": 0.8011992057939935
            },
            "motorcycle": {
                "ap": 0.20095446184216473,
                "ap50%": 0.4411459175563976
            },
            "person": {
                "ap": 0.4029054791737547,
                "ap50%": 0.731524336905593
            },
            "rider": {
                "ap": 0.2925800207887671,
                "ap50%": 0.6877742643465039
            },
            "train": {
                "ap": 0.2541707706460691,
                "ap50%": 0.43255520256915714
            },
            "truck": {
                "ap": 0.36684797179639045,
                "ap50%": 0.48190204330657005
            }
        }
    },
    "distanceThresholds": [
        Infinity,
        100.0,
        50.0
    ],
    "instLabels": [
        "person",
        "rider",
        "car",
        "truck",
        "bus",
        "train",
        "motorcycle",
        "bicycle"
    ],
    "minRegionSizes": [
        100,
        1000,
        1000
    ],
    "minStereoDensities": [
        -Infinity,
        0.5,
        0.5
    ],
    "overlaps": [
        0.5,
        0.55,
        0.6000000000000001,
        0.6500000000000001,
        0.7000000000000002,
        0.7500000000000002,
        0.8000000000000003,
        0.8500000000000003,
        0.9000000000000004,
        0.9500000000000004
    ],
    "resultApMatrix": [
        [
            [
                0.731524336905593,
                0.691840628697836,
                0.6440394239481094,
                0.5851955322875279,
                0.5051524073209902,
                0.4053904924069441,
                0.2781581154249909,
                0.14484273164692,
                0.04256791933701343,
                0.00034320376162138845
            ],
            [
                0.6877742643465039,
                0.6170794473021742,
                0.5581644723283422,
                0.4422726838161464,
                0.32113165400126775,
                0.19766210142218332,
                0.08651891803559392,
                0.014862142345989314,
                0.00033452428946964194,
                0.0
            ],
            [
                0.8011992057939935,
                0.769695132732044,
                0.7303565245922177,
                0.694331549503733,
                0.645982476668429,
                0.5873280713646447,
                0.5144355156568343,
                0.4268518385961704,
                0.3073614938081959,
                0.12071959748051214
            ],
            [
                0.48190204330657005,
                0.46531096509115877,
                0.4481588523860308,
                0.4265819376475683,
                0.40459569418158753,
                0.3781183442577268,
                0.3617186242042648,
                0.3309016258167037,
                0.24614142057307642,
                0.12505021049921716
            ],
            [
                0.6349200889477138,
                0.6302483496966557,
                0.6118625359999488,
                0.6046058817916363,
                0.5826109874784319,
                0.5734939912920041,
                0.5415980054169012,
                0.45277932448851516,
                0.3798007084861966,
                0.16397598348741013
            ],
            [
                0.43255520256915714,
                0.43239545451432604,
                0.3577154830673285,
                0.3530758917531154,
                0.2573184101525625,
                0.2568558608659917,
                0.2305776539780201,
                0.18382946551173757,
                0.03738428404845196,
                0.0
            ],
            [
                0.4411459175563976,
                0.4213647765263544,
                0.3667025420364241,
                0.30243528608940634,
                0.2135385475171024,
                0.17060339259035714,
                0.08810812887077146,
                0.005492464581271242,
                0.00015356265356265359,
                0.0
            ],
            [
                0.48388873573526675,
                0.41233747430230083,
                0.3414863106434897,
                0.26234344393021525,
                0.18075547752868526,
                0.09426345138035458,
                0.026063297983016383,
                0.001965458382199094,
                1.6588917933030335e-05,
                3.8172659519726863e-07
            ]
        ]
    ]
}